{
  "format_version": "1.8.0",
  "minecraft:entity": {
    "description": {
      "identifier": "minecraft:shulker_bullet",
      "is_spawnable": false,
      "is_summonable": false,
      "is_experimental": false
    },

    "components": {
      "minecraft:collision_box": {
        "width": 0.625,
        "height": 0.625
      },
      "minecraft:projectile": {
        "onHit": {
          "impact_damage": {
            "damage": 4,
            "knockback": true,
            "shouldbounce": true
          },
          "mob_effect": {
            "effect": "levitation",
            "durationeasy": 200,
            "durationnormal": 200,
            "durationhard": 200,
            "amplifier": 1
          },
          "remove_on_hit": {
          },
          "particle_on_hit": {
            "particle_type": "largeexplode",
            "on_other_hit": true
          }
        },
        "hitSound": "bullet.hit",
        "destroyOnHurt": true,
        "critParticleOnHurt": true,
        "power": 1.6,
        "gravity": 0.05,
        "uncertaintyBase": 16,
        "uncertaintyMultiplier": 4,
        "anchor": 1,
        "offset": [ 0, -0.1, 0 ],
        "homing": true
      },
      "minecraft:physics": {
        "has_collision": false
      }
    }
  }
}
