{
  "tiers": [
    {
      "total_exp_required": 0,
      "groups": [
        {
          "num_to_select": 1,
          "trades": [
            {
              "wants": [
                {
                  "item": "minecraft:paper",
                  "quantity": 24,
                  "price_multiplier": 0.05
                }
              ],
              "gives": [
                {
                  "item": "minecraft:emerald",
                  "quantity": 1
                }
              ],
              "trader_exp": 1,
              "max_uses": 4,
              "reward_exp": true
            }
          ]
        },
        {
          "num_to_select": 1,
          "trades": [
            {
              "wants": [
                {
                  "item": "minecraft:emerald",
                  "quantity": 1,
                  "price_multiplier": 0.05
                }
              ],
              "gives": [
                {
                  "item": "minecraft:emptymap:0",
                  "quantity": 1
                }
              ],
              "trader_exp": 2,
              "max_uses": 4,
              "reward_exp": true
            }
          ]
        }
      ]
    },
    {
      "total_exp_required": 10,
      "groups": [
        {
          "num_to_select": 1,
          "trades": [
            {
              "wants": [
                {
                  "item": "minecraft:glass_pane",
                  "quantity": 10,
                  "price_multiplier": 0.05
                }
              ],
              "gives": [
                {
                  "item": "minecraft:emerald",
                  "quantity": 1
                }
              ],
              "trader_exp": 5,
              "max_uses": 4,
              "reward_exp": true
            }
          ]
        },
        {
          "num_to_select": 1,
          "trades": [
            {
              "wants": [
                {
                  "item": "minecraft:emerald",
                  "quantity": 7,
                  "price_multiplier": 0.05
                }
              ],
              "gives": [
                {
                  "item": "minecraft:frame",
                  "quantity": 1
                }
              ],
              "trader_exp": 2,
              "max_uses": 4,
              "reward_exp": true
            }
          ]
        }
      ]
    },
    {
      "total_exp_required": 60,
      "groups": [
        {
          "num_to_select": 1,
          "trades": [
            {
              "wants": [
                {
                  "item": "minecraft:emerald",
                  "quantity": 5,
                  "price_multiplier": 0.05
                }
              ],
              "gives": [
                {
                  "item": "minecraft:emptymap:2",
                  "quantity": 1
                }
              ],
              "trader_exp": 5,
              "max_uses": 4,
              "reward_exp": true
            },
            {
              "wants": [
                {
                  "item": "minecraft:emerald",
                  "quantity": 12,
                  "price_multiplier": 0.1
                },
                {
                  "item": "minecraft:compass",
                  "quantity": 1
                }
              ],
              "gives": [
                {
                  "item": "minecraft:map",
                  "functions": [
                    {
                      "function": "exploration_map",
                      "destination": "monument"
                    }
                  ]
                }
              ],
              "trader_exp": 10,
              "max_uses": 1,
              "reward_exp": true
            },
            {
              "wants": [
                {
                  "item": "minecraft:emerald",
                  "quantity": 16,
                  "price_multiplier": 0.1
                },
                {
                  "item": "minecraft:compass",
                  "quantity": 1
                }
              ],
              "gives": [
                {
                  "item": "minecraft:map",
                  "functions": [
                    {
                      "function": "exploration_map",
                      "destination": "mansion"
                    }
                  ]
                }
              ],
              "trader_exp": 10,
              "max_uses": 1,
              "reward_exp": true
            }
          ]
        }
      ]
    },
    {
      "total_exp_required": 160,
      "groups": [
        {
          "num_to_select": 1,
          "trades": [
            {
              "wants": [
                {
                  "item": "minecraft:compass",
                  "quantity": 1,
                  "price_multiplier": 0.05
                }
              ],
              "gives": [
                {
                  "item": "minecraft:emerald",
                  "quantity": 1
                }
              ],
              "trader_exp": 15,
              "max_uses": 4,
              "reward_exp": true
            }
          ]
        },
        {
          "num_to_select": 1,
          "trades": [
            {
              "wants": [
                {
                  "item": "minecraft:emerald",
                  "quantity": 3,
                  "price_multiplier": 0.05
                }
              ],
              "gives": [
                {
                  "item": "minecraft:banner:0",
                  "quantity": 1
                }
              ],
              "trader_exp": 30,
              "max_uses": 4,
              "reward_exp": true
            },
            {
              "wants": [
                {
                  "item": "minecraft:emerald",
                  "quantity": 3,
                  "price_multiplier": 0.05
                }
              ],
              "gives": [
                {
                  "item": "minecraft:banner:1",
                  "quantity": 1
                }
              ],
              "trader_exp": 30,
              "max_uses": 4,
              "reward_exp": true
            },
            {
              "wants": [
                {
                  "item": "minecraft:emerald",
                  "quantity": 3,
                  "price_multiplier": 0.05
                }
              ],
              "gives": [
                {
                  "item": "minecraft:banner:2",
                  "quantity": 1
                }
              ],
              "trader_exp": 30,
              "max_uses": 4,
              "reward_exp": true
            },
            {
              "wants": [
                {
                  "item": "minecraft:emerald",
                  "quantity": 3,
                  "price_multiplier": 0.05
                }
              ],
              "gives": [
                {
                  "item": "minecraft:banner:3",
                  "quantity": 1
                }
              ],
              "trader_exp": 30,
              "max_uses": 4,
              "reward_exp": true
            },
            {
              "wants": [
                {
                  "item": "minecraft:emerald",
                  "quantity": 3,
                  "price_multiplier": 0.05
                }
              ],
              "gives": [
                {
                  "item": "minecraft:banner:4",
                  "quantity": 1
                }
              ],
              "trader_exp": 30,
              "max_uses": 4,
              "reward_exp": true
            },
            {
              "wants": [
                {
                  "item": "minecraft:emerald",
                  "quantity": 3,
                  "price_multiplier": 0.05
                }
              ],
              "gives": [
                {
                  "item": "minecraft:banner:5",
                  "quantity": 1
                }
              ],
              "trader_exp": 30,
              "max_uses": 4,
              "reward_exp": true
            },
            {
              "wants": [
                {
                  "item": "minecraft:emerald",
                  "quantity": 3,
                  "price_multiplier": 0.05
                }
              ],
              "gives": [
                {
                  "item": "minecraft:banner:6",
                  "quantity": 1
                }
              ],
              "trader_exp": 30,
              "max_uses": 4,
              "reward_exp": true
            },
            {
              "wants": [
                {
                  "item": "minecraft:emerald",
                  "quantity": 3,
                  "price_multiplier": 0.05
                }
              ],
              "gives": [
                {
                  "item": "minecraft:banner:7",
                  "quantity": 1
                }
              ],
              "trader_exp": 30,
              "max_uses": 4,
              "reward_exp": true
            },
            {
              "wants": [
                {
                  "item": "minecraft:emerald",
                  "quantity": 3,
                  "price_multiplier": 0.05
                }
              ],
              "gives": [
                {
                  "item": "minecraft:banner:8",
                  "quantity": 1
                }
              ],
              "trader_exp": 30,
              "max_uses": 4,
              "reward_exp": true
            },
            {
              "wants": [
                {
                  "item": "minecraft:emerald",
                  "quantity": 3,
                  "price_multiplier": 0.05
                }
              ],
              "gives": [
                {
                  "item": "minecraft:banner:9",
                  "quantity": 1
                }
              ],
              "trader_exp": 30,
              "max_uses": 4,
              "reward_exp": true
            },
            {
              "wants": [
                {
                  "item": "minecraft:emerald",
                  "quantity": 3,
                  "price_multiplier": 0.05
                }
              ],
              "gives": [
                {
                  "item": "minecraft:banner:10",
                  "quantity": 1
                }
              ],
              "trader_exp": 30,
              "max_uses": 4,
              "reward_exp": true
            },
            {
              "wants": [
                {
                  "item": "minecraft:emerald",
                  "quantity": 3,
                  "price_multiplier": 0.05
                }
              ],
              "gives": [
                {
                  "item": "minecraft:banner:11",
                  "quantity": 1
                }
              ],
              "trader_exp": 30,
              "max_uses": 4,
              "reward_exp": true
            },
            {
              "wants": [
                {
                  "item": "minecraft:emerald",
                  "quantity": 3,
                  "price_multiplier": 0.05
                }
              ],
              "gives": [
                {
                  "item": "minecraft:banner:12",
                  "quantity": 1
                }
              ],
              "trader_exp": 30,
              "max_uses": 4,
              "reward_exp": true
            },
            {
              "wants": [
                {
                  "item": "minecraft:emerald",
                  "quantity": 3,
                  "price_multiplier": 0.05
                }
              ],
              "gives": [
                {
                  "item": "minecraft:banner:13",
                  "quantity": 1
                }
              ],
              "trader_exp": 30,
              "max_uses": 4,
              "reward_exp": true
            },
            {
              "wants": [
                {
                  "item": "minecraft:emerald",
                  "quantity": 3,
                  "price_multiplier": 0.05
                }
              ],
              "gives": [
                {
                  "item": "minecraft:banner:14",
                  "quantity": 1
                }
              ],
              "trader_exp": 30,
              "max_uses": 4,
              "reward_exp": true
            },
            {
              "wants": [
                {
                  "item": "minecraft:emerald",
                  "quantity": 3,
                  "price_multiplier": 0.05
                }
              ],
              "gives": [
                {
                  "item": "minecraft:banner:15",
                  "quantity": 1
                }
              ],
              "trader_exp": 30,
              "max_uses": 4,
              "reward_exp": true
            }
          ]
        }
      ]
    },
    {
      "total_exp_required": 310,
      "groups": [
        {
          "num_to_select": 1,
          "trades": [
            {
              "wants": [
                {
                  "item": "minecraft:emerald",
                  "quantity": 1,
                  "price_multiplier": 0.05
                }
              ],
              "gives": [
                {
                  "item": "minecraft:banner_pattern:2",
                  "quantity": 1
                }
              ],
              "trader_exp": 0,
              "max_uses": 1,
              "reward_exp": true
            },
            {
              "wants": [
                {
                  "item": "minecraft:emerald",
                  "quantity": 2,
                  "price_multiplier": 0.05
                }
              ],
              "gives": [
                {
                  "item": "minecraft:banner_pattern:4",
                  "quantity": 1
                }
              ],
              "trader_exp": 0,
              "max_uses": 1,
              "reward_exp": true
            },
            {
              "wants": [
                {
                  "item": "minecraft:emerald",
                  "quantity": 2,
                  "price_multiplier": 0.05
                }
              ],
              "gives": [
                {
                  "item": "minecraft:banner_pattern:5",
                  "quantity": 1
                }
              ],
              "trader_exp": 0,
              "max_uses": 1,
              "reward_exp": true
            }
          ]
        }
      ]
    }
  ]
}
