{
  "tiers": [
    {
      "total_exp_required": 0,
      "groups": [
        {
          "num_to_select": 1,
          "trades": [
            {
              "wants": [
                {
                  "item": "minecraft:stick",
                  "quantity": 32,
                  "price_multiplier": 0.05
                }
              ],
              "gives": [
                {
                  "item": "minecraft:emerald",
                  "quantity": 1
                }
              ],
              "trader_exp": 1,
              "max_uses": 4,
              "reward_exp": true
            }
          ]
        },
        {
          "num_to_select": 1,
          "trades": [
            {
              "wants": [
                {
                  "item": "minecraft:emerald",
                  "quantity": 1,
                  "price_multiplier": 0.05
                }
              ],
              "gives": [
                {
                  "item": "minecraft:arrow:0",
                  "quantity": 5
                }
              ],
              "trader_exp": 2,
              "max_uses": 4,
              "reward_exp": true
            },
            {
              "wants": [
                {
                  "item": "minecraft:emerald",
                  "quantity": 1,
                  "price_multiplier": 0.05
                },
                {
                  "item": "minecraft:gravel",
                  "quantity": 10
                }
              ],
              "gives": [
                {
                  "item": "minecraft:flint",
                  "quantity": 10
                }
              ],
              "trader_exp": 2,
              "max_uses": 4,
              "reward_exp": true
            }
          ]
        }
      ]
    },
    {
      "total_exp_required": 10,
      "groups": [
        {
          "num_to_select": 1,
          "trades": [
            {
              "wants": [
                {
                  "item": "minecraft:flint",
                  "quantity": 26,
                  "price_multiplier": 0.05
                }
              ],
              "gives": [
                {
                  "item": "minecraft:emerald",
                  "quantity": 1
                }
              ],
              "trader_exp": 5,
              "max_uses": 4,
              "reward_exp": true
            }
          ]
        },
        {
          "num_to_select": 1,
          "trades": [
            {
              "wants": [
                {
                  "item": "minecraft:emerald",
                  "quantity": 2,
                  "price_multiplier": 0.05
                }
              ],
              "gives": [
                {
                  "item": "minecraft:bow",
                  "quantity": 1
                }
              ],
              "trader_exp": 10,
              "max_uses": 4,
              "reward_exp": true
            }
          ]
        }
      ]
    },
    {
      "total_exp_required": 60,
      "groups": [
        {
          "num_to_select": 1,
          "trades": [
            {
              "wants": [
                {
                  "item": "minecraft:string",
                  "quantity": 14,
                  "price_multiplier": 0.05
                }
              ],
              "gives": [
                {
                  "item": "minecraft:emerald",
                  "quantity": 1
                }
              ],
              "trader_exp": 20,
              "max_uses": 4,
              "reward_exp": true
            }
          ]
        },
        {
          "num_to_select": 1,
          "trades": [
            {
              "wants": [
                {
                  "item": "minecraft:emerald",
                  "quantity": 3,
                  "price_multiplier": 0.05
                }
              ],
              "gives": [
                {
                  "item": "minecraft:crossbow",
                  "quantity": 1
                }
              ],
              "trader_exp": 20,
              "max_uses": 4,
              "reward_exp": true
            },
            {
              "wants": [
                {
                  "item": "minecraft:emerald",
                  "quantity": 12,
                  "price_multiplier": 0.1
                },
                {
                  "item": "minecraft:compass",
                  "quantity": 1
                }
              ],
              "gives": [
                {
                  "item": "minecraft:map",
                  "functions": [
                    {
                      "function": "exploration_map",
                      "destination": "mansion"
                    }
                  ]
                }
              ],
              "trader_exp": 10,
              "max_uses": 1,
              "reward_exp": true
            }
          ]
        }
      ]
    },
    {
      "total_exp_required": 160,
      "groups": [
        {
          "num_to_select": 1,
          "trades": [
            {
              "wants": [
                {
                  "item": "minecraft:feather",
                  "quantity": 24,
                  "price_multiplier": 0.05
                }
              ],
              "gives": [
                {
                  "item": "minecraft:emerald",
                  "quantity": 1
                }
              ],
              "trader_exp": 15,
              "max_uses": 4,
              "reward_exp": true
            }
          ]
        },
        {
          "num_to_select": 1,
          "trades": [
            {
              "wants": [
                {
                  "item": "minecraft:emerald",
                  "quantity": 8,
                  "price_multiplier": 0.05
                }
              ],
              "gives": [
                {
                  "item": "minecraft:bow",
                  "quantity": 1,
                  "functions": [
                    {
                      "function": "enchant_with_levels",
                      "treasure": false,
                      "levels": {
                        "min": 5,
                        "max": 19
                      }
                    }
                  ]
                }
              ],
              "trader_exp": 30,
              "max_uses": 4,
              "reward_exp": true
            }
          ]
        }
      ]
    },
    {
      "total_exp_required": 310,
      "groups": [
        {
          "num_to_select": 1,
          "trades": [
            {
              "wants": [
                {
                  "item": "minecraft:tripwire_hook",
                  "quantity": 8,
                  "price_multiplier": 0.05
                }
              ],
              "gives": [
                {
                  "item": "minecraft:emerald",
                  "quantity": 1
                }
              ],
              "trader_exp": 0,
              "max_uses": 4,
              "reward_exp": true
            }
          ]
        },
        {
          "num_to_select": 1,
          "trades": [
            {
              "wants": [
                {
                  "item": "minecraft:emerald",
                  "quantity": 8,
                  "price_multiplier": 0.05
                }
              ],
              "gives": [
                {
                  "item": "minecraft:crossbow",
                  "quantity": 1,
                  "functions": [
                    {
                      "function": "enchant_with_levels",
                      "treasure": false,
                      "levels": {
                        "min": 5,
                        "max": 19
                      }
                    }
                  ]
                }
              ],
              "trader_exp": 0,
              "max_uses": 4,
              "reward_exp": true
            },
            {
              "wants": [
                {
                  "item": "minecraft:emerald",
                  "quantity": 2,
                  "price_multiplier": 0.05
                },
                {
                  "item": "minecraft:arrow:0",
                  "quantity": 5
                }
              ],
              "gives": [
                {
                  "item": "minecraft:arrow:6",
                  "quantity": 5
                }
              ],
              "trader_exp": 2,
              "max_uses": 4,
              "reward_exp": true
            },
            {
              "wants": [
                {
                  "item": "minecraft:emerald",
                  "quantity": 2,
                  "price_multiplier": 0.05
                },
                {
                  "item": "minecraft:arrow:0",
                  "quantity": 5
                }
              ],
              "gives": [
                {
                  "item": "minecraft:arrow:8",
                  "quantity": 5
                }
              ],
              "trader_exp": 2,
              "max_uses": 4,
              "reward_exp": true
            },
            {
              "wants": [
                {
                  "item": "minecraft:emerald",
                  "quantity": 2,
                  "price_multiplier": 0.05
                },
                {
                  "item": "minecraft:arrow:0",
                  "quantity": 5
                }
              ],
              "gives": [
                {
                  "item": "minecraft:arrow:10",
                  "quantity": 5
                }
              ],
              "trader_exp": 2,
              "max_uses": 4,
              "reward_exp": true
            },
            {
              "wants": [
                {
                  "item": "minecraft:emerald",
                  "quantity": 2,
                  "price_multiplier": 0.05
                },
                {
                  "item": "minecraft:arrow:0",
                  "quantity": 5
                }
              ],
              "gives": [
                {
                  "item": "minecraft:arrow:13",
                  "quantity": 5
                }
              ],
              "trader_exp": 2,
              "max_uses": 4,
              "reward_exp": true
            },
            {
              "wants": [
                {
                  "item": "minecraft:emerald",
                  "quantity": 2,
                  "price_multiplier": 0.05
                },
                {
                  "item": "minecraft:arrow:0",
                  "quantity": 5
                }
              ],
              "gives": [
                {
                  "item": "minecraft:arrow:15",
                  "quantity": 5
                }
              ],
              "trader_exp": 2,
              "max_uses": 4,
              "reward_exp": true
            },
            {
              "wants": [
                {
                  "item": "minecraft:emerald",
                  "quantity": 2,
                  "price_multiplier": 0.05
                },
                {
                  "item": "minecraft:arrow:0",
                  "quantity": 5
                }
              ],
              "gives": [
                {
                  "item": "minecraft:arrow:18",
                  "quantity": 5
                }
              ],
              "trader_exp": 2,
              "max_uses": 4,
              "reward_exp": true
            },
            {
              "wants": [
                {
                  "item": "minecraft:emerald",
                  "quantity": 2,
                  "price_multiplier": 0.05
                },
                {
                  "item": "minecraft:arrow:0",
                  "quantity": 5
                }
              ],
              "gives": [
                {
                  "item": "minecraft:arrow:20",
                  "quantity": 5
                }
              ],
              "trader_exp": 2,
              "max_uses": 4,
              "reward_exp": true
            },
            {
              "wants": [
                {
                  "item": "minecraft:emerald",
                  "quantity": 2,
                  "price_multiplier": 0.05
                },
                {
                  "item": "minecraft:arrow:0",
                  "quantity": 5
                }
              ],
              "gives": [
                {
                  "item": "minecraft:arrow:22",
                  "quantity": 5
                }
              ],
              "trader_exp": 2,
              "max_uses": 4,
              "reward_exp": true
            },
            {
              "wants": [
                {
                  "item": "minecraft:emerald",
                  "quantity": 2,
                  "price_multiplier": 0.05
                },
                {
                  "item": "minecraft:arrow:0",
                  "quantity": 5
                }
              ],
              "gives": [
                {
                  "item": "minecraft:arrow:24",
                  "quantity": 5
                }
              ],
              "trader_exp": 2,
              "max_uses": 4,
              "reward_exp": true
            },
            {
              "wants": [
                {
                  "item": "minecraft:emerald",
                  "quantity": 2,
                  "price_multiplier": 0.05
                },
                {
                  "item": "minecraft:arrow:0",
                  "quantity": 5
                }
              ],
              "gives": [
                {
                  "item": "minecraft:arrow:26",
                  "quantity": 5
                }
              ],
              "trader_exp": 2,
              "max_uses": 4,
              "reward_exp": true
            },
            {
              "wants": [
                {
                  "item": "minecraft:emerald",
                  "quantity": 2,
                  "price_multiplier": 0.05
                },
                {
                  "item": "minecraft:arrow:0",
                  "quantity": 5
                }
              ],
              "gives": [
                {
                  "item": "minecraft:arrow:29",
                  "quantity": 5
                }
              ],
              "trader_exp": 2,
              "max_uses": 4,
              "reward_exp": true
            },
            {
              "wants": [
                {
                  "item": "minecraft:emerald",
                  "quantity": 2,
                  "price_multiplier": 0.05
                },
                {
                  "item": "minecraft:arrow:0",
                  "quantity": 5
                }
              ],
              "gives": [
                {
                  "item": "minecraft:arrow:32",
                  "quantity": 5
                }
              ],
              "trader_exp": 2,
              "max_uses": 4,
              "reward_exp": true
            },
            {
              "wants": [
                {
                  "item": "minecraft:emerald",
                  "quantity": 2,
                  "price_multiplier": 0.05
                },
                {
                  "item": "minecraft:arrow:0",
                  "quantity": 5
                }
              ],
              "gives": [
                {
                  "item": "minecraft:arrow:35",
                  "quantity": 15
                }
              ],
              "trader_exp": 2,
              "max_uses": 4,
              "reward_exp": true
            },
            {
              "wants": [
                {
                  "item": "minecraft:emerald",
                  "quantity": 2,
                  "price_multiplier": 0.05
                },
                {
                  "item": "minecraft:arrow:0",
                  "quantity": 5
                }
              ],
              "gives": [
                {
                  "item": "minecraft:arrow:37",
                  "quantity": 5
                }
              ],
              "trader_exp": 2,
              "max_uses": 4,
              "reward_exp": true
            },
            {
              "wants": [
                {
                  "item": "minecraft:emerald",
                  "quantity": 2,
                  "price_multiplier": 0.05
                },
                {
                  "item": "minecraft:arrow:0",
                  "quantity": 5
                }
              ],
              "gives": [
                {
                  "item": "minecraft:arrow:38",
                  "quantity": 5
                }
              ],
              "trader_exp": 0,
              "max_uses": 4,
              "reward_exp": true
            }
          ]
        }
      ]
    }
  ]
}
